	season	baker	episode	place	tech_mean	tech	mean_star	star	mean_good	good	mean_bad	bad
0	1	Annetha	1	6	2.0	2	0.0	0	1.0	1	0.0	0
1	1	Annetha	2	6	4.5	7	0.0	0	0.5	0	0.5	1
2	1	Annetha	3	6	3.0	0	0.0	0	0.33	0	0.33	0
3	1	Annetha	4	6	2.25	0	0.0	0	0.25	0	0.25	0
4	1	Annetha	5	6	1.8	0	0.0	0	0.2	0	0.2	0
5	1	Annetha	6	6	1.5	0	0.0	0	0.17	0	0.17	0
6	1	David	1	4	3.0	3	0.0	0	0.0	0	1.0	1
7	1	David	2	4	5.5	8	0.0	0	0.0	0	1.0	1
8	1	David	3	4	5.0	4	0.0	0	0.0	0	1.0	1
9	1	David	4	4	5.0	5	0.0	0	0.0	0	1.0	1
10	1	David	5	4	4.0	0	0.0	0	0.0	0	0.8	0
11	1	David	6	4	3.33	0	0.0	0	0.0	0	0.67	0
12	1	Edd	1	1	1.0	1	0.0	0	0.0	0	0.0	0
13	1	Edd	2	1	3.5	6	0.0	0	0.5	1	0.0	0
14	1	Edd	3	1	2.67	1	0.0	0	0.67	1	0.0	0
15	1	Edd	4	1	2.75	3	0.0	0	0.5	0	0.25	1
16	1	Edd	5	1	2.6	2	0.0	0	0.6	1	0.2	0
17	1	Edd	6	1	2.17	0	0.0	0	0.5	0	0.17	0
18	1	Jasminder	1	3	0.0	0	0.0	0	0.0	0	0.0	0
19	1	Jasminder	2	3	1.0	2	0.0	0	0.0	0	0.0	0
20	1	Jasminder	3	3	0.67	0	0.0	0	0.0	0	0.33	1
21	1	Jasminder	4	3	1.0	2	0.0	0	0.25	1	0.25	0
22	1	Jasminder	5	3	1.6	4	0.0	0	0.2	0	0.4	1
23	1	Jasminder	6	3	1.33	0	0.0	0	0.17	0	0.33	0
24	1	Jonathan	1	5	9.0	9	0.0	0	0.0	0	0.0	0
25	1	Jonathan	2	5	5.0	1	0.0	0	0.5	1	0.0	0
26	1	Jonathan	3	5	5.33	6	0.0	0	0.33	0	0.33	1
27	1	Jonathan	4	5	4.0	0	0.0	0	0.25	0	0.25	0
28	1	Jonathan	5	5	3.2	0	0.0	0	0.2	0	0.2	0
29	1	Jonathan	6	5	2.67	0	0.0	0	0.17	0	0.17	0
30	1	Lea	1	8	10.0	10	0.0	0	0.0	0	1.0	1
31	1	Lea	2	8	5.0	0	0.0	0	0.0	0	0.5	0
32	1	Lea	3	8	3.33	0	0.0	0	0.0	0	0.33	0
33	1	Lea	4	8	2.5	0	0.0	0	0.0	0	0.25	0
34	1	Lea	5	8	2.0	0	0.0	0	0.0	0	0.2	0
35	1	Lea	6	8	1.67	0	0.0	0	0.0	0	0.17	0
36	1	Louise	1	7	0.0	0	0.0	0	0.0	0	1.0	1
37	1	Louise	2	7	2.0	4	0.0	0	0.0	0	1.0	1
38	1	Louise	3	7	1.33	0	0.0	0	0.0	0	0.67	0
39	1	Louise	4	7	1.0	0	0.0	0	0.0	0	0.5	0
40	1	Louise	5	7	0.8	0	0.0	0	0.0	0	0.4	0
41	1	Louise	6	7	0.67	0	0.0	0	0.0	0	0.33	0
42	1	Mark	1	9	0.0	0	0.0	0	0.0	0	1.0	1
43	1	Mark	2	9	0.0	0	0.0	0	0.0	0	0.5	0
44	1	Mark	3	9	0.0	0	0.0	0	0.0	0	0.33	0
45	1	Mark	4	9	0.0	0	0.0	0	0.0	0	0.25	0
46	1	Mark	5	9	0.0	0	0.0	0	0.0	0	0.2	0
47	1	Mark	6	9	0.0	0	0.0	0	0.0	0	0.17	0
48	1	Miranda	1	2	0.0	0	0.0	0	1.0	1	0.0	0
49	1	Miranda	2	2	1.5	3	0.0	0	1.0	1	0.0	0
50	1	Miranda	3	2	2.0	3	0.0	0	0.67	0	0.0	0
51	1	Miranda	4	2	1.75	1	0.0	0	0.75	1	0.0	0
52	1	Miranda	5	2	1.6	1	0.0	0	0.6	0	0.2	1
53	1	Miranda	6	2	1.33	0	0.0	0	0.5	0	0.17	0
54	1	Ruth	1	2	0.0	0	0.0	0	1.0	1	0.0	0
55	1	Ruth	2	2	2.5	5	0.0	0	0.5	0	0.0	0
56	1	Ruth	3	2	2.33	2	0.0	0	0.67	1	0.0	0
57	1	Ruth	4	2	2.75	4	0.0	0	0.75	1	0.0	0
58	1	Ruth	5	2	2.8	3	0.0	0	0.8	1	0.0	0
59	1	Ruth	6	2	2.33	0	0.0	0	0.67	0	0.0	0
60	2	Ben	1	7	2.0	2	0.0	0	0.0	0	0.0	0
61	2	Ben	2	7	1.5	1	0.0	0	0.0	0	0.0	0
62	2	Ben	3	7	2.0	3	0.0	0	0.0	0	0.0	0
63	2	Ben	4	7	2.75	5	0.0	0	0.0	0	0.0	0
64	2	Ben	5	7	2.2	0	0.0	0	0.0	0	0.0	0
65	2	Ben	6	7	1.83	0	0.0	0	0.0	0	0.0	0
66	2	Ben	7	7	1.57	0	0.0	0	0.0	0	0.0	0
67	2	Ben	8	7	1.38	0	0.0	0	0.0	0	0.0	0
68	2	Holly	1	2	1.0	1	1.0	1	1.0	1	0.0	0
69	2	Holly	2	2	2.5	4	0.5	0	0.5	0	0.0	0
70	2	Holly	3	2	3.67	6	0.33	0	0.33	0	0.0	0
71	2	Holly	4	2	3.5	3	0.5	1	0.5	1	0.0	0
72	2	Holly	5	2	3.6	4	0.4	0	0.4	0	0.0	0
73	2	Holly	6	2	3.5	3	0.33	0	0.33	0	0.17	1
74	2	Holly	7	2	3.14	1	0.29	0	0.43	1	0.14	0
75	2	Holly	8	2	3.0	2	0.25	0	0.38	0	0.13	0
76	2	Ian	1	8	10.0	10	0.0	0	0.0	0	0.0	0
77	2	Ian	2	8	6.0	2	0.0	0	0.5	1	0.0	0
78	2	Ian	3	8	7.33	10	0.0	0	0.33	0	0.0	0
79	2	Ian	4	8	5.5	0	0.0	0	0.25	0	0.0	0
80	2	Ian	5	8	4.4	0	0.0	0	0.2	0	0.0	0
81	2	Ian	6	8	3.67	0	0.0	0	0.17	0	0.0	0
82	2	Ian	7	8	3.14	0	0.0	0	0.14	0	0.0	0
83	2	Ian	8	8	2.75	0	0.0	0	0.13	0	0.0	0
84	2	Janet	1	3	8.0	8	0.0	0	0.0	0	0.0	0
85	2	Janet	2	3	8.0	8	0.0	0	0.0	0	0.0	0
86	2	Janet	3	3	8.0	8	0.0	0	0.0	0	0.33	1
87	2	Janet	4	3	7.0	4	0.0	0	0.0	0	0.25	0
88	2	Janet	5	3	5.8	1	0.2	1	0.2	1	0.2	0
89	2	Janet	6	3	5.67	5	0.17	0	0.33	1	0.17	0
90	2	Janet	7	3	5.43	4	0.14	0	0.29	0	0.14	0
91	2	Janet	8	3	4.75	0	0.13	0	0.25	0	0.13	0
92	2	Jason	1	5	6.0	6	0.0	0	0.0	0	0.0	0
93	2	Jason	2	5	4.5	3	0.5	1	0.5	1	0.0	0
94	2	Jason	3	5	5.33	7	0.33	0	0.33	0	0.0	0
95	2	Jason	4	5	4.25	1	0.5	1	0.5	1	0.0	0
96	2	Jason	5	5	4.8	7	0.4	0	0.4	0	0.0	0
97	2	Jason	6	5	4.0	0	0.33	0	0.33	0	0.0	0
98	2	Jason	7	5	3.43	0	0.29	0	0.29	0	0.0	0
99	2	Jason	8	5	3.0	0	0.25	0	0.25	0	0.0	0
100	2	Jo	1	1	11.0	11	0.0	0	1.0	1	0.0	0
101	2	Jo	2	1	5.5	0	0.0	0	0.5	0	0.5	1
102	2	Jo	3	1	3.67	0	0.0	0	0.33	0	0.33	0
103	2	Jo	4	1	2.75	0	0.0	0	0.25	0	0.25	0
104	2	Jo	5	1	2.2	0	0.0	0	0.2	0	0.2	0
105	2	Jo	6	1	2.0	1	0.17	1	0.33	1	0.17	0
106	2	Jo	7	1	1.71	0	0.14	0	0.43	1	0.14	0
107	2	Jo	8	1	1.5	0	0.13	0	0.38	0	0.13	0
108	2	Keith	1	11	12.0	12	0.0	0	0.0	0	0.0	0
109	2	Keith	2	11	6.0	0	0.0	0	0.0	0	0.0	0
110	2	Keith	3	11	4.0	0	0.0	0	0.0	0	0.0	0
111	2	Keith	4	11	3.0	0	0.0	0	0.0	0	0.0	0
112	2	Keith	5	11	2.4	0	0.0	0	0.0	0	0.0	0
113	2	Keith	6	11	2.0	0	0.0	0	0.0	0	0.0	0
114	2	Keith	7	11	1.71	0	0.0	0	0.0	0	0.0	0
115	2	Keith	8	11	1.5	0	0.0	0	0.0	0	0.0	0
116	2	Mary-Anne	1	2	4.0	4	0.0	0	0.0	0	0.0	0
117	2	Mary-Anne	2	2	6.5	9	0.0	0	0.0	0	0.0	0
118	2	Mary-Anne	3	2	6.0	5	0.0	0	0.33	1	0.0	0
119	2	Mary-Anne	4	2	5.0	2	0.0	0	0.5	1	0.0	0
120	2	Mary-Anne	5	2	4.4	2	0.0	0	0.6	1	0.0	0
121	2	Mary-Anne	6	2	4.33	4	0.0	0	0.67	1	0.0	0
122	2	Mary-Anne	7	2	4.0	2	0.0	0	0.57	0	0.14	1
123	2	Mary-Anne	8	2	3.88	3	0.0	0	0.5	0	0.13	0
124	2	Robert	1	6	3.0	3	0.0	0	0.0	0	1.0	1
125	2	Robert	2	6	4.0	5	0.0	0	0.0	0	1.0	1
126	2	Robert	3	6	4.0	4	0.0	0	0.0	0	1.0	1
127	2	Robert	4	6	4.75	7	0.0	0	0.0	0	0.75	0
128	2	Robert	5	6	4.4	3	0.0	0	0.0	0	0.6	0
129	2	Robert	6	6	3.67	0	0.0	0	0.0	0	0.5	0
130	2	Robert	7	6	3.14	0	0.0	0	0.0	0	0.43	0
131	2	Robert	8	6	2.75	0	0.0	0	0.0	0	0.38	0
132	2	Simon	1	10	9.0	9	0.0	0	0.0	0	1.0	1
133	2	Simon	2	10	10.0	11	0.0	0	0.0	0	0.5	0
134	2	Simon	3	10	6.67	0	0.0	0	0.0	0	0.33	0
135	2	Simon	4	10	5.0	0	0.0	0	0.0	0	0.25	0
136	2	Simon	5	10	4.0	0	0.0	0	0.0	0	0.2	0
137	2	Simon	6	10	3.33	0	0.0	0	0.0	0	0.17	0
138	2	Simon	7	10	2.86	0	0.0	0	0.0	0	0.14	0
139	2	Simon	8	10	2.5	0	0.0	0	0.0	0	0.13	0
140	2	Urvashi	1	9	7.0	7	0.0	0	0.0	0	0.0	0
141	2	Urvashi	2	9	7.0	7	0.0	0	0.0	0	0.0	0
142	2	Urvashi	3	9	7.67	9	0.0	0	0.0	0	0.0	0
143	2	Urvashi	4	9	5.75	0	0.0	0	0.0	0	0.0	0
144	2	Urvashi	5	9	4.6	0	0.0	0	0.0	0	0.0	0
145	2	Urvashi	6	9	3.83	0	0.0	0	0.0	0	0.0	0
146	2	Urvashi	7	9	3.29	0	0.0	0	0.0	0	0.0	0
147	2	Urvashi	8	9	2.88	0	0.0	0	0.0	0	0.0	0
148	2	Yasmin	1	4	5.0	5	0.0	0	0.0	0	0.0	0
149	2	Yasmin	2	4	5.5	6	0.0	0	0.0	0	0.0	0
150	2	Yasmin	3	4	4.33	2	0.33	1	0.33	1	0.0	0
151	2	Yasmin	4	4	4.75	6	0.25	0	0.25	0	0.25	1
152	2	Yasmin	5	4	4.8	5	0.2	0	0.2	0	0.4	1
153	2	Yasmin	6	4	4.33	2	0.17	0	0.17	0	0.33	0
154	2	Yasmin	7	4	3.71	0	0.14	0	0.14	0	0.29	0
155	2	Yasmin	8	4	3.25	0	0.13	0	0.13	0	0.25	0
156	3	Brendan	1	2	10.0	10	0.0	0	0.0	0	0.0	0
157	3	Brendan	2	2	7.0	4	0.0	0	0.5	1	0.0	0
158	3	Brendan	3	2	7.67	9	0.0	0	0.33	0	0.33	1
159	3	Brendan	4	2	6.0	1	0.25	1	0.5	1	0.25	0
160	3	Brendan	5	2	5.4	3	0.4	1	0.6	1	0.2	0
161	3	Brendan	6	2	4.5	0	0.5	1	0.67	1	0.17	0
162	3	Brendan	7	2	4.43	4	0.43	0	0.71	1	0.14	0
163	3	Brendan	8	2	4.13	2	0.38	0	0.63	0	0.13	0
164	3	Brendan	9	2	4.0	3	0.33	0	0.67	1	0.11	0
165	3	Brendan	10	2	3.8	2	0.3	0	0.6	0	0.1	0
166	3	Cathryn	1	4	5.0	5	0.0	0	1.0	1	0.0	0
167	3	Cathryn	2	4	6.5	8	0.0	0	0.5	0	0.0	0
168	3	Cathryn	3	4	5.33	3	0.0	0	0.33	0	0.0	0
169	3	Cathryn	4	4	4.75	3	0.0	0	0.25	0	0.0	0
170	3	Cathryn	5	4	4.0	1	0.0	0	0.2	0	0.0	0
171	3	Cathryn	6	4	3.33	0	0.0	0	0.17	0	0.0	0
172	3	Cathryn	7	4	3.57	5	0.0	0	0.14	0	0.14	1
173	3	Cathryn	8	4	3.75	5	0.0	0	0.13	0	0.25	1
174	3	Cathryn	9	4	3.33	0	0.0	0	0.11	0	0.22	0
175	3	Cathryn	10	4	3.0	0	0.0	0	0.1	0	0.2	0
176	3	Danny	1	3	7.0	7	0.0	0	0.0	0	0.0	0
177	3	Danny	2	3	3.5	0	0.0	0	0.0	0	0.0	0
178	3	Danny	3	3	3.0	2	0.0	0	0.0	0	0.0	0
179	3	Danny	4	3	2.75	2	0.0	0	0.25	1	0.0	0
180	3	Danny	5	3	3.6	7	0.0	0	0.2	0	0.2	1
181	3	Danny	6	3	3.33	2	0.0	0	0.33	1	0.17	0
182	3	Danny	7	3	3.14	2	0.14	1	0.43	1	0.14	0
183	3	Danny	8	3	3.25	4	0.13	0	0.38	0	0.25	1
184	3	Danny	9	3	3.33	4	0.11	0	0.33	0	0.33	1
185	3	Danny	10	3	3.0	0	0.1	0	0.3	0	0.3	0
186	3	James	1	2	2.0	2	0.0	0	0.0	0	0.0	0
187	3	James	2	2	2.0	2	0.0	0	0.5	1	0.0	0
188	3	James	3	2	1.67	1	0.33	1	0.67	1	0.0	0
189	3	James	4	2	2.5	5	0.25	0	0.5	0	0.0	0
190	3	James	5	2	3.2	6	0.2	0	0.4	0	0.0	0
191	3	James	6	2	3.83	7	0.17	0	0.33	0	0.17	1
192	3	James	7	2	3.43	1	0.14	0	0.29	0	0.29	1
193	3	James	8	2	3.13	1	0.25	1	0.38	1	0.25	0
194	3	James	9	2	2.89	1	0.33	1	0.44	1	0.22	0
195	3	James	10	2	2.7	1	0.3	0	0.4	0	0.2	0
196	3	John	1	1	11.0	11	0.0	0	0.0	0	0.0	0
197	3	John	2	1	5.5	0	0.5	1	0.5	1	0.0	0
198	3	John	3	1	5.67	6	0.33	0	0.33	0	0.0	0
199	3	John	4	1	5.75	6	0.25	0	0.25	0	0.0	0
200	3	John	5	1	5.0	2	0.2	0	0.2	0	0.0	0
201	3	John	6	1	5.0	5	0.17	0	0.17	0	0.17	1
202	3	John	7	1	4.71	3	0.14	0	0.14	0	0.29	1
203	3	John	8	1	4.5	3	0.13	0	0.25	1	0.25	0
204	3	John	9	1	4.22	2	0.11	0	0.22	0	0.33	1
205	3	John	10	1	4.0	2	0.1	0	0.2	0	0.3	0
206	3	Manisha	1	7	6.0	6	0.0	0	0.0	0	0.0	0
207	3	Manisha	2	7	6.0	6	0.0	0	0.0	0	0.0	0
208	3	Manisha	3	7	7.33	10	0.0	0	0.0	0	0.0	0
209	3	Manisha	4	7	7.75	9	0.0	0	0.0	0	0.25	1
210	3	Manisha	5	7	7.2	5	0.0	0	0.0	0	0.4	1
211	3	Manisha	6	7	6.0	0	0.0	0	0.0	0	0.33	0
212	3	Manisha	7	7	5.14	0	0.0	0	0.0	0	0.29	0
213	3	Manisha	8	7	4.5	0	0.0	0	0.0	0	0.25	0
214	3	Manisha	9	7	4.0	0	0.0	0	0.0	0	0.22	0
215	3	Manisha	10	7	3.6	0	0.0	0	0.0	0	0.2	0
216	3	Natasha	1	11	12.0	12	0.0	0	0.0	0	1.0	1
217	3	Natasha	2	11	6.0	0	0.0	0	0.0	0	0.5	0
218	3	Natasha	3	11	4.0	0	0.0	0	0.0	0	0.33	0
219	3	Natasha	4	11	3.0	0	0.0	0	0.0	0	0.25	0
220	3	Natasha	5	11	2.4	0	0.0	0	0.0	0	0.2	0
221	3	Natasha	6	11	2.0	0	0.0	0	0.0	0	0.17	0
222	3	Natasha	7	11	1.71	0	0.0	0	0.0	0	0.14	0
223	3	Natasha	8	11	1.5	0	0.0	0	0.0	0	0.13	0
224	3	Natasha	9	11	1.33	0	0.0	0	0.0	0	0.11	0
225	3	Natasha	10	11	1.2	0	0.0	0	0.0	0	0.1	0
226	3	Peter	1	10	3.0	3	0.0	0	0.0	0	0.0	0
227	3	Peter	2	10	7.0	11	0.0	0	0.0	0	0.5	1
228	3	Peter	3	10	4.67	0	0.0	0	0.0	0	0.33	0
229	3	Peter	4	10	3.5	0	0.0	0	0.0	0	0.25	0
230	3	Peter	5	10	2.8	0	0.0	0	0.0	0	0.2	0
231	3	Peter	6	10	2.33	0	0.0	0	0.0	0	0.17	0
232	3	Peter	7	10	2.0	0	0.0	0	0.0	0	0.14	0
233	3	Peter	8	10	1.75	0	0.0	0	0.0	0	0.13	0
234	3	Peter	9	10	1.56	0	0.0	0	0.0	0	0.11	0
235	3	Peter	10	10	1.4	0	0.0	0	0.0	0	0.1	0
236	3	Ryan	1	5	8.0	8	0.0	0	0.0	0	0.0	0
237	3	Ryan	2	5	4.0	0	0.0	0	0.0	0	0.0	0
238	3	Ryan	3	5	4.33	5	0.0	0	0.0	0	0.0	0
239	3	Ryan	4	5	5.0	7	0.0	0	0.0	0	0.25	1
240	3	Ryan	5	5	5.6	8	0.2	1	0.2	1	0.2	0
241	3	Ryan	6	5	5.67	6	0.17	0	0.17	0	0.17	0
242	3	Ryan	7	5	5.71	6	0.14	0	0.14	0	0.29	1
243	3	Ryan	8	5	5.0	0	0.13	0	0.13	0	0.25	0
244	3	Ryan	9	5	4.44	0	0.11	0	0.11	0	0.22	0
245	3	Ryan	10	5	4.0	0	0.1	0	0.1	0	0.2	0
246	3	Sarah-Jane	1	6	1.0	1	0.0	0	0.0	0	0.0	0
247	3	Sarah-Jane	2	6	5.5	10	0.0	0	0.0	0	0.0	0
248	3	Sarah-Jane	3	6	6.33	8	0.0	0	0.0	0	0.0	0
249	3	Sarah-Jane	4	6	5.75	4	0.0	0	0.0	0	0.0	0
250	3	Sarah-Jane	5	6	5.4	4	0.0	0	0.0	0	0.2	1
251	3	Sarah-Jane	6	6	5.17	4	0.0	0	0.0	0	0.33	1
252	3	Sarah-Jane	7	6	5.43	7	0.0	0	0.0	0	0.43	1
253	3	Sarah-Jane	8	6	4.75	0	0.0	0	0.0	0	0.38	0
254	3	Sarah-Jane	9	6	4.22	0	0.0	0	0.0	0	0.33	0
255	3	Sarah-Jane	10	6	3.8	0	0.0	0	0.0	0	0.3	0
256	3	Stuart	1	8	9.0	9	0.0	0	0.0	0	1.0	1
257	3	Stuart	2	8	4.5	0	0.0	0	0.0	0	1.0	1
258	3	Stuart	3	8	5.33	7	0.0	0	0.33	1	0.67	0
259	3	Stuart	4	8	6.0	8	0.0	0	0.25	0	0.75	1
260	3	Stuart	5	8	4.8	0	0.0	0	0.2	0	0.6	0
261	3	Stuart	6	8	4.0	0	0.0	0	0.17	0	0.5	0
262	3	Stuart	7	8	3.43	0	0.0	0	0.14	0	0.43	0
263	3	Stuart	8	8	3.0	0	0.0	0	0.13	0	0.38	0
264	3	Stuart	9	8	2.67	0	0.0	0	0.11	0	0.33	0
265	3	Stuart	10	8	2.4	0	0.0	0	0.1	0	0.3	0
266	3	Victoria	1	9	4.0	4	1.0	1	1.0	1	0.0	0
267	3	Victoria	2	9	5.5	7	0.5	0	0.5	0	0.5	1
268	3	Victoria	3	9	5.0	4	0.33	0	0.33	0	0.67	1
269	3	Victoria	4	9	3.75	0	0.25	0	0.25	0	0.5	0
270	3	Victoria	5	9	3.0	0	0.2	0	0.2	0	0.4	0
271	3	Victoria	6	9	2.5	0	0.17	0	0.17	0	0.33	0
272	3	Victoria	7	9	2.14	0	0.14	0	0.14	0	0.29	0
273	3	Victoria	8	9	1.88	0	0.13	0	0.13	0	0.25	0
274	3	Victoria	9	9	1.67	0	0.11	0	0.11	0	0.22	0
275	3	Victoria	10	9	1.5	0	0.1	0	0.1	0	0.2	0
276	4	Ali	1	8	11.0	11	0.0	0	0.0	0	1.0	1
277	4	Ali	2	8	10.0	9	0.0	0	0.0	0	0.5	0
278	4	Ali	3	8	8.33	5	0.0	0	0.0	0	0.33	0
279	4	Ali	4	8	8.25	8	0.0	0	0.0	0	0.5	1
280	4	Ali	5	8	6.6	0	0.0	0	0.0	0	0.4	0
281	4	Ali	6	8	5.5	0	0.0	0	0.0	0	0.33	0
282	4	Ali	7	8	4.71	0	0.0	0	0.0	0	0.29	0
283	4	Ali	8	8	4.13	0	0.0	0	0.0	0	0.25	0
284	4	Ali	9	8	3.67	0	0.0	0	0.0	0	0.22	0
285	4	Ali	10	8	3.3	0	0.0	0	0.0	0	0.2	0
286	4	Beca	1	3	8.0	8	0.0	0	0.0	0	1.0	1
287	4	Beca	2	3	9.5	11	0.0	0	0.0	0	0.5	0
288	4	Beca	3	3	9.67	10	0.0	0	0.0	0	0.33	0
289	4	Beca	4	3	7.75	2	0.0	0	0.0	0	0.25	0
290	4	Beca	5	3	7.2	5	0.0	0	0.0	0	0.2	0
291	4	Beca	6	3	7.0	6	0.0	0	0.0	0	0.17	0
292	4	Beca	7	3	6.14	1	0.0	0	0.14	1	0.14	0
293	4	Beca	8	3	5.88	4	0.0	0	0.13	0	0.25	1
294	4	Beca	9	3	5.56	3	0.0	0	0.11	0	0.33	1
295	4	Beca	10	3	5.0	0	0.0	0	0.1	0	0.3	0
296	4	Christine	1	4	3.0	3	0.0	0	0.0	0	0.0	0
297	4	Christine	2	4	3.5	4	0.0	0	0.0	0	0.0	0
298	4	Christine	3	4	3.67	4	0.33	1	0.33	1	0.0	0
299	4	Christine	4	4	4.5	7	0.25	0	0.25	0	0.0	0
300	4	Christine	5	4	3.8	1	0.4	1	0.4	1	0.0	0
301	4	Christine	6	4	3.83	4	0.33	0	0.33	0	0.0	0
302	4	Christine	7	4	4.14	6	0.29	0	0.29	0	0.14	1
303	4	Christine	8	4	4.25	5	0.25	0	0.25	0	0.25	1
304	4	Christine	9	4	3.78	0	0.22	0	0.22	0	0.22	0
305	4	Christine	10	4	3.4	0	0.2	0	0.2	0	0.2	0
306	4	Deborah	1	9	9.0	9	0.0	0	0.0	0	0.0	0
307	4	Deborah	2	9	8.5	8	0.0	0	0.0	0	0.0	0
308	4	Deborah	3	9	8.67	9	0.0	0	0.0	0	0.33	1
309	4	Deborah	4	9	6.5	0	0.0	0	0.0	0	0.25	0
310	4	Deborah	5	9	5.2	0	0.0	0	0.0	0	0.2	0
311	4	Deborah	6	9	4.33	0	0.0	0	0.0	0	0.17	0
312	4	Deborah	7	9	3.71	0	0.0	0	0.0	0	0.14	0
313	4	Deborah	8	9	3.25	0	0.0	0	0.0	0	0.13	0
314	4	Deborah	9	9	2.89	0	0.0	0	0.0	0	0.11	0
315	4	Deborah	10	9	2.6	0	0.0	0	0.0	0	0.1	0
316	4	Frances	1	1	7.0	7	0.0	0	1.0	1	0.0	0
317	4	Frances	2	1	4.5	2	0.0	0	0.5	0	0.0	0
318	4	Frances	3	1	5.67	8	0.0	0	0.67	1	0.0	0
319	4	Frances	4	1	4.5	1	0.0	0	0.5	0	0.0	0
320	4	Frances	5	1	4.2	3	0.0	0	0.4	0	0.0	0
321	4	Frances	6	1	3.83	2	0.0	0	0.5	1	0.0	0
322	4	Frances	7	1	4.0	5	0.14	1	0.57	1	0.0	0
323	4	Frances	8	1	3.88	3	0.13	0	0.5	0	0.13	1
324	4	Frances	9	1	3.44	0	0.11	0	0.56	1	0.11	0
325	4	Frances	10	1	3.4	3	0.1	0	0.5	0	0.1	0
326	4	Glenn	1	5	4.0	4	0.0	0	0.0	0	0.0	0
327	4	Glenn	2	5	5.5	7	0.0	0	0.0	0	0.0	0
328	4	Glenn	3	5	4.0	1	0.0	0	0.0	0	0.0	0
329	4	Glenn	4	5	5.25	9	0.0	0	0.0	0	0.25	1
330	4	Glenn	5	5	4.6	2	0.0	0	0.2	1	0.2	0
331	4	Glenn	6	5	4.67	5	0.0	0	0.17	0	0.33	1
332	4	Glenn	7	5	4.43	3	0.0	0	0.14	0	0.43	1
333	4	Glenn	8	5	3.88	0	0.0	0	0.13	0	0.38	0
334	4	Glenn	9	5	3.44	0	0.0	0	0.11	0	0.33	0
335	4	Glenn	10	5	3.1	0	0.0	0	0.1	0	0.3	0
336	4	Howard	1	6	6.0	6	0.0	0	1.0	1	0.0	0
337	4	Howard	2	6	8.0	10	0.0	0	0.5	0	0.0	0
338	4	Howard	3	6	7.67	7	0.0	0	0.33	0	0.33	1
339	4	Howard	4	6	7.0	5	0.0	0	0.25	0	0.25	0
340	4	Howard	5	6	7.2	8	0.0	0	0.2	0	0.2	0
341	4	Howard	6	6	7.17	7	0.0	0	0.17	0	0.33	1
342	4	Howard	7	6	6.14	0	0.0	0	0.14	0	0.29	0
343	4	Howard	8	6	5.38	0	0.0	0	0.13	0	0.25	0
344	4	Howard	9	6	4.78	0	0.0	0	0.11	0	0.22	0
345	4	Howard	10	6	4.3	0	0.0	0	0.1	0	0.2	0
346	4	Kimberley	1	2	10.0	10	0.0	0	0.0	0	0.0	0
347	4	Kimberley	2	2	5.5	1	0.0	0	0.5	1	0.0	0
348	4	Kimberley	3	2	5.67	6	0.0	0	0.33	0	0.0	0
349	4	Kimberley	4	2	5.25	4	0.25	1	0.5	1	0.0	0
350	4	Kimberley	5	2	5.6	7	0.2	0	0.4	0	0.2	1
351	4	Kimberley	6	2	5.17	3	0.17	0	0.33	0	0.17	0
352	4	Kimberley	7	2	5.0	4	0.14	0	0.29	0	0.14	0
353	4	Kimberley	8	2	4.63	2	0.13	0	0.38	1	0.13	0
354	4	Kimberley	9	2	4.22	1	0.22	1	0.44	1	0.11	0
355	4	Kimberley	10	2	3.9	1	0.2	0	0.4	0	0.1	0
356	4	Lucy	1	11	2.0	2	0.0	0	0.0	0	0.0	0
357	4	Lucy	2	11	7.0	12	0.0	0	0.0	0	0.5	1
358	4	Lucy	3	11	4.67	0	0.0	0	0.0	0	0.33	0
359	4	Lucy	4	11	3.5	0	0.0	0	0.0	0	0.25	0
360	4	Lucy	5	11	2.8	0	0.0	0	0.0	0	0.2	0
361	4	Lucy	6	11	2.33	0	0.0	0	0.0	0	0.17	0
362	4	Lucy	7	11	2.0	0	0.0	0	0.0	0	0.14	0
363	4	Lucy	8	11	1.75	0	0.0	0	0.0	0	0.13	0
364	4	Lucy	9	11	1.56	0	0.0	0	0.0	0	0.11	0
365	4	Lucy	10	11	1.4	0	0.0	0	0.0	0	0.1	0
366	4	Mark	1	10	5.0	5	0.0	0	0.0	0	0.0	0
367	4	Mark	2	10	5.5	6	0.0	0	0.0	0	0.5	1
368	4	Mark	3	10	7.33	11	0.0	0	0.0	0	0.67	1
369	4	Mark	4	10	5.5	0	0.0	0	0.0	0	0.5	0
370	4	Mark	5	10	4.4	0	0.0	0	0.0	0	0.4	0
371	4	Mark	6	10	3.67	0	0.0	0	0.0	0	0.33	0
372	4	Mark	7	10	3.14	0	0.0	0	0.0	0	0.29	0
373	4	Mark	8	10	2.75	0	0.0	0	0.0	0	0.25	0
374	4	Mark	9	10	2.44	0	0.0	0	0.0	0	0.22	0
375	4	Mark	10	10	2.2	0	0.0	0	0.0	0	0.2	0
376	4	Robert	1	7	1.0	1	1.0	1	1.0	1	0.0	0
377	4	Robert	2	7	3.0	5	0.5	0	0.5	0	0.5	1
378	4	Robert	3	7	2.67	2	0.33	0	0.33	0	0.33	0
379	4	Robert	4	7	2.75	3	0.25	0	0.25	0	0.5	1
380	4	Robert	5	7	3.0	4	0.2	0	0.2	0	0.6	1
381	4	Robert	6	7	2.5	0	0.17	0	0.17	0	0.5	0
382	4	Robert	7	7	2.14	0	0.14	0	0.14	0	0.43	0
383	4	Robert	8	7	1.88	0	0.13	0	0.13	0	0.38	0
384	4	Robert	9	7	1.67	0	0.11	0	0.11	0	0.33	0
385	4	Robert	10	7	1.5	0	0.1	0	0.1	0	0.3	0
386	4	Ruby	1	2	12.0	12	0.0	0	0.0	0	1.0	1
387	4	Ruby	2	2	7.5	3	0.5	1	0.5	1	0.5	0
388	4	Ruby	3	2	6.0	3	0.33	0	0.67	1	0.33	0
389	4	Ruby	4	2	6.0	6	0.25	0	0.75	1	0.25	0
390	4	Ruby	5	2	6.0	6	0.2	0	0.6	0	0.4	1
391	4	Ruby	6	2	5.17	1	0.33	1	0.67	1	0.33	0
392	4	Ruby	7	2	4.71	2	0.29	0	0.57	0	0.29	0
393	4	Ruby	8	2	4.25	1	0.38	1	0.63	1	0.25	0
394	4	Ruby	9	2	4.22	4	0.33	0	0.56	0	0.33	1
395	4	Ruby	10	2	4.0	2	0.3	0	0.5	0	0.3	0
396	4	Toby	1	12	13.0	13	0.0	0	0.0	0	1.0	1
397	4	Toby	2	12	6.5	0	0.0	0	0.0	0	0.5	0
398	4	Toby	3	12	4.33	0	0.0	0	0.0	0	0.33	0
399	4	Toby	4	12	3.25	0	0.0	0	0.0	0	0.25	0
400	4	Toby	5	12	2.6	0	0.0	0	0.0	0	0.2	0
401	4	Toby	6	12	2.17	0	0.0	0	0.0	0	0.17	0
402	4	Toby	7	12	1.86	0	0.0	0	0.0	0	0.14	0
403	4	Toby	8	12	1.63	0	0.0	0	0.0	0	0.13	0
404	4	Toby	9	12	1.44	0	0.0	0	0.0	0	0.11	0
405	4	Toby	10	12	1.3	0	0.0	0	0.0	0	0.1	0
406	5	Chetna	1	3	3.0	3	0.0	0	0.0	0	0.0	0
407	5	Chetna	2	3	5.5	8	0.0	0	0.0	0	0.0	0
408	5	Chetna	3	3	6.33	8	0.0	0	0.0	0	0.0	0
409	5	Chetna	4	3	5.5	3	0.0	0	0.0	0	0.0	0
410	5	Chetna	5	3	4.8	2	0.0	0	0.0	0	0.0	0
411	5	Chetna	6	3	4.33	2	0.17	1	0.17	1	0.0	0
412	5	Chetna	7	3	4.57	6	0.14	0	0.14	0	0.0	0
413	5	Chetna	8	3	4.13	1	0.13	0	0.13	0	0.0	0
414	5	Chetna	9	3	4.11	4	0.11	0	0.11	0	0.11	1
415	5	Chetna	10	3	3.7	0	0.1	0	0.1	0	0.1	0
416	5	Claire	1	11	8.0	8	0.0	0	0.0	0	1.0	1
417	5	Claire	2	11	4.0	0	0.0	0	0.0	0	0.5	0
418	5	Claire	3	11	2.67	0	0.0	0	0.0	0	0.33	0
419	5	Claire	4	11	2.0	0	0.0	0	0.0	0	0.25	0
420	5	Claire	5	11	1.6	0	0.0	0	0.0	0	0.2	0
421	5	Claire	6	11	1.33	0	0.0	0	0.0	0	0.17	0
422	5	Claire	7	11	1.14	0	0.0	0	0.0	0	0.14	0
423	5	Claire	8	11	1.0	0	0.0	0	0.0	0	0.13	0
424	5	Claire	9	11	0.89	0	0.0	0	0.0	0	0.11	0
425	5	Claire	10	11	0.8	0	0.0	0	0.0	0	0.1	0
426	5	Diana	1	7	5.0	5	0.0	0	0.0	0	0.0	0
427	5	Diana	2	7	6.0	7	0.0	0	0.0	0	0.0	0
428	5	Diana	3	7	6.33	7	0.0	0	0.0	0	0.0	0
429	5	Diana	4	7	7.0	9	0.0	0	0.0	0	0.0	0
430	5	Diana	5	7	5.6	0	0.0	0	0.0	0	0.0	0
431	5	Diana	6	7	4.67	0	0.0	0	0.0	0	0.0	0
432	5	Diana	7	7	4.0	0	0.0	0	0.0	0	0.0	0
433	5	Diana	8	7	3.5	0	0.0	0	0.0	0	0.0	0
434	5	Diana	9	7	3.11	0	0.0	0	0.0	0	0.0	0
435	5	Diana	10	7	2.8	0	0.0	0	0.0	0	0.0	0
436	5	Enwezor	1	10	9.0	9	0.0	0	0.0	0	0.0	0
437	5	Enwezor	2	10	9.0	9	0.0	0	0.0	0	0.5	1
438	5	Enwezor	3	10	6.0	0	0.0	0	0.0	0	0.33	0
439	5	Enwezor	4	10	4.5	0	0.0	0	0.0	0	0.25	0
440	5	Enwezor	5	10	3.6	0	0.0	0	0.0	0	0.2	0
441	5	Enwezor	6	10	3.0	0	0.0	0	0.0	0	0.17	0
442	5	Enwezor	7	10	2.57	0	0.0	0	0.0	0	0.14	0
443	5	Enwezor	8	10	2.25	0	0.0	0	0.0	0	0.13	0
444	5	Enwezor	9	10	2.0	0	0.0	0	0.0	0	0.11	0
445	5	Enwezor	10	10	1.8	0	0.0	0	0.0	0	0.1	0
446	5	Iain	1	8	4.0	4	0.0	0	0.0	0	1.0	1
447	5	Iain	2	8	7.5	11	0.0	0	0.0	0	0.5	0
448	5	Iain	3	8	8.0	9	0.0	0	0.0	0	0.33	0
449	5	Iain	4	8	7.5	6	0.0	0	0.0	0	0.5	1
450	5	Iain	5	8	6.0	0	0.0	0	0.0	0	0.4	0
451	5	Iain	6	8	5.0	0	0.0	0	0.0	0	0.33	0
452	5	Iain	7	8	4.29	0	0.0	0	0.0	0	0.29	0
453	5	Iain	8	8	3.75	0	0.0	0	0.0	0	0.25	0
454	5	Iain	9	8	3.33	0	0.0	0	0.0	0	0.22	0
455	5	Iain	10	8	3.0	0	0.0	0	0.0	0	0.2	0
456	5	Jordan	1	9	12.0	12	0.0	0	0.0	0	1.0	1
457	5	Jordan	2	9	9.0	6	0.0	0	0.0	0	0.5	0
458	5	Jordan	3	9	9.33	10	0.0	0	0.0	0	0.67	1
459	5	Jordan	4	9	7.0	0	0.0	0	0.0	0	0.5	0
460	5	Jordan	5	9	5.6	0	0.0	0	0.0	0	0.4	0
461	5	Jordan	6	9	4.67	0	0.0	0	0.0	0	0.33	0
462	5	Jordan	7	9	4.0	0	0.0	0	0.0	0	0.29	0
463	5	Jordan	8	9	3.5	0	0.0	0	0.0	0	0.25	0
464	5	Jordan	9	9	3.11	0	0.0	0	0.0	0	0.22	0
465	5	Jordan	10	9	2.8	0	0.0	0	0.0	0	0.2	0
466	5	Kate	1	5	6.0	6	0.0	0	0.0	0	0.0	0
467	5	Kate	2	5	5.0	4	0.0	0	0.0	0	0.0	0
468	5	Kate	3	5	3.67	1	0.0	0	0.33	1	0.0	0
469	5	Kate	4	5	4.5	7	0.0	0	0.5	1	0.0	0
470	5	Kate	5	5	4.2	3	0.2	1	0.6	1	0.0	0
471	5	Kate	6	5	4.5	6	0.17	0	0.5	0	0.17	1
472	5	Kate	7	5	4.43	4	0.14	0	0.43	0	0.29	1
473	5	Kate	8	5	3.88	0	0.13	0	0.38	0	0.25	0
474	5	Kate	9	5	3.44	0	0.11	0	0.33	0	0.22	0
475	5	Kate	10	5	3.1	0	0.1	0	0.3	0	0.2	0
476	5	Luis	1	2	7.0	7	0.0	0	0.0	0	0.0	0
477	5	Luis	2	2	5.0	3	0.0	0	0.5	1	0.0	0
478	5	Luis	3	2	4.0	2	0.33	1	0.67	1	0.0	0
479	5	Luis	4	2	3.5	2	0.25	0	0.75	1	0.0	0
480	5	Luis	5	2	4.0	6	0.2	0	0.6	0	0.0	0
481	5	Luis	6	2	3.83	3	0.17	0	0.67	1	0.0	0
482	5	Luis	7	2	4.0	5	0.14	0	0.57	0	0.0	0
483	5	Luis	8	2	3.75	2	0.13	0	0.63	1	0.0	0
484	5	Luis	9	2	3.44	1	0.11	0	0.67	1	0.0	0
485	5	Luis	10	2	3.3	2	0.1	0	0.6	0	0.0	0
486	5	Martha	1	4	2.0	2	0.0	0	1.0	1	0.0	0
487	5	Martha	2	4	3.5	5	0.0	0	0.5	0	0.0	0
488	5	Martha	3	4	3.33	3	0.0	0	0.33	0	0.0	0
489	5	Martha	4	4	2.75	1	0.0	0	0.25	0	0.0	0
490	5	Martha	5	4	2.4	1	0.0	0	0.2	0	0.2	1
491	5	Martha	6	4	2.67	4	0.0	0	0.17	0	0.17	0
492	5	Martha	7	4	2.71	3	0.0	0	0.14	0	0.29	1
493	5	Martha	8	4	3.0	5	0.0	0	0.13	0	0.38	1
494	5	Martha	9	4	2.67	0	0.0	0	0.11	0	0.33	0
495	5	Martha	10	4	2.4	0	0.0	0	0.1	0	0.3	0
496	5	Nancy	1	1	1.0	1	1.0	1	1.0	1	0.0	0
497	5	Nancy	2	1	1.5	2	0.5	0	0.5	0	0.0	0
498	5	Nancy	3	1	2.67	5	0.33	0	0.33	0	0.0	0
499	5	Nancy	4	1	3.0	4	0.25	0	0.25	0	0.0	0
500	5	Nancy	5	1	3.2	4	0.2	0	0.4	1	0.0	0
501	5	Nancy	6	1	2.83	1	0.17	0	0.5	1	0.0	0
502	5	Nancy	7	1	2.71	2	0.14	0	0.57	1	0.0	0
503	5	Nancy	8	1	2.75	3	0.13	0	0.5	0	0.13	1
504	5	Nancy	9	1	2.78	3	0.11	0	0.44	0	0.22	1
505	5	Nancy	10	1	2.6	1	0.1	0	0.4	0	0.2	0
506	5	Norman	1	6	11.0	11	0.0	0	0.0	0	0.0	0
507	5	Norman	2	6	10.5	10	0.0	0	0.0	0	0.5	1
508	5	Norman	3	6	8.33	4	0.0	0	0.0	0	0.67	1
509	5	Norman	4	6	8.25	8	0.0	0	0.0	0	0.75	1
510	5	Norman	5	6	7.6	5	0.0	0	0.0	0	0.8	1
511	5	Norman	6	6	6.33	0	0.0	0	0.0	0	0.67	0
512	5	Norman	7	6	5.43	0	0.0	0	0.0	0	0.57	0
513	5	Norman	8	6	4.75	0	0.0	0	0.0	0	0.5	0
514	5	Norman	9	6	4.22	0	0.0	0	0.0	0	0.44	0
515	5	Norman	10	6	3.8	0	0.0	0	0.0	0	0.4	0
516	5	Richard	1	2	10.0	10	0.0	0	1.0	1	0.0	0
517	5	Richard	2	2	5.5	1	0.5	1	1.0	1	0.0	0
518	5	Richard	3	2	5.67	6	0.33	0	0.67	0	0.0	0
519	5	Richard	4	2	5.5	5	0.5	1	0.75	1	0.0	0
520	5	Richard	5	2	5.8	7	0.4	0	0.6	0	0.2	1
521	5	Richard	6	2	5.67	5	0.33	0	0.5	0	0.33	1
522	5	Richard	7	2	5.0	1	0.43	1	0.57	1	0.29	0
523	5	Richard	8	2	4.88	4	0.5	1	0.63	1	0.25	0
524	5	Richard	9	2	4.56	2	0.56	1	0.67	1	0.22	0
525	5	Richard	10	2	4.4	3	0.5	0	0.6	0	0.2	0
526	6	Alvin	1	6	2.0	2	0.0	0	0.0	0	0.0	0
527	6	Alvin	2	6	4.0	6	0.0	0	0.0	0	0.0	0
528	6	Alvin	3	6	4.0	4	0.0	0	0.33	1	0.0	0
529	6	Alvin	4	6	5.25	9	0.0	0	0.25	0	0.25	1
530	6	Alvin	5	6	5.8	8	0.0	0	0.2	0	0.2	0
531	6	Alvin	6	6	5.83	6	0.0	0	0.17	0	0.33	1
532	6	Alvin	7	6	5.0	0	0.0	0	0.14	0	0.29	0
533	6	Alvin	8	6	4.38	0	0.0	0	0.13	0	0.25	0
534	6	Alvin	9	6	3.89	0	0.0	0	0.11	0	0.22	0
535	6	Alvin	10	6	3.5	0	0.0	0	0.1	0	0.2	0
536	6	Dorret	1	9	5.0	5	0.0	0	0.0	0	1.0	1
537	6	Dorret	2	9	3.0	1	0.0	0	0.0	0	1.0	1
538	6	Dorret	3	9	4.0	6	0.0	0	0.0	0	1.0	1
539	6	Dorret	4	9	3.0	0	0.0	0	0.0	0	0.75	0
540	6	Dorret	5	9	2.4	0	0.0	0	0.0	0	0.6	0
541	6	Dorret	6	9	2.0	0	0.0	0	0.0	0	0.5	0
542	6	Dorret	7	9	1.71	0	0.0	0	0.0	0	0.43	0
543	6	Dorret	8	9	1.5	0	0.0	0	0.0	0	0.38	0
544	6	Dorret	9	9	1.33	0	0.0	0	0.0	0	0.33	0
545	6	Dorret	10	9	1.2	0	0.0	0	0.0	0	0.3	0
546	6	Flora	1	3	6.0	6	0.0	0	1.0	1	0.0	0
547	6	Flora	2	3	4.0	2	0.0	0	0.5	0	0.0	0
548	6	Flora	3	3	3.33	2	0.0	0	0.33	0	0.0	0
549	6	Flora	4	3	3.25	3	0.0	0	0.25	0	0.0	0
550	6	Flora	5	3	3.2	3	0.0	0	0.2	0	0.2	1
551	6	Flora	6	3	3.0	2	0.0	0	0.33	1	0.17	0
552	6	Flora	7	3	3.14	4	0.0	0	0.29	0	0.14	0
553	6	Flora	8	3	3.13	3	0.0	0	0.25	0	0.25	1
554	6	Flora	9	3	2.89	1	0.0	0	0.22	0	0.33	1
555	6	Flora	10	3	2.6	0	0.0	0	0.2	0	0.3	0
556	6	Ian	1	2	8.0	8	0.0	0	0.0	0	0.0	0
557	6	Ian	2	2	5.5	3	0.5	1	0.5	1	0.0	0
558	6	Ian	3	2	4.0	1	0.67	1	0.67	1	0.0	0
559	6	Ian	4	2	4.0	4	0.75	1	0.75	1	0.0	0
560	6	Ian	5	2	4.2	5	0.6	0	0.6	0	0.0	0
561	6	Ian	6	2	4.0	3	0.5	0	0.5	0	0.0	0
562	6	Ian	7	2	4.14	5	0.43	0	0.57	1	0.0	0
563	6	Ian	8	2	3.88	2	0.38	0	0.5	0	0.0	0
564	6	Ian	9	2	3.78	3	0.33	0	0.44	0	0.11	1
565	6	Ian	10	2	3.6	2	0.3	0	0.4	0	0.1	0
566	6	Marie	1	10	3.0	3	1.0	1	1.0	1	0.0	0
567	6	Marie	2	10	7.0	11	0.5	0	0.5	0	0.5	1
568	6	Marie	3	10	4.67	0	0.33	0	0.33	0	0.33	0
569	6	Marie	4	10	3.5	0	0.25	0	0.25	0	0.25	0
570	6	Marie	5	10	2.8	0	0.2	0	0.2	0	0.2	0
571	6	Marie	6	10	2.33	0	0.17	0	0.17	0	0.17	0
572	6	Marie	7	10	2.0	0	0.14	0	0.14	0	0.14	0
573	6	Marie	8	10	1.75	0	0.13	0	0.13	0	0.13	0
574	6	Marie	9	10	1.56	0	0.11	0	0.11	0	0.11	0
575	6	Marie	10	10	1.4	0	0.1	0	0.1	0	0.1	0
576	6	Mat	1	5	7.0	7	0.0	0	0.0	0	0.0	0
577	6	Mat	2	5	6.0	5	0.0	0	0.5	1	0.0	0
578	6	Mat	3	5	6.67	8	0.0	0	0.33	0	0.33	1
579	6	Mat	4	5	6.75	7	0.0	0	0.25	0	0.25	0
580	6	Mat	5	5	6.2	4	0.0	0	0.2	0	0.2	0
581	6	Mat	6	5	5.33	1	0.17	1	0.33	1	0.17	0
582	6	Mat	7	5	5.43	6	0.14	0	0.29	0	0.29	1
583	6	Mat	8	5	4.75	0	0.13	0	0.25	0	0.25	0
584	6	Mat	9	5	4.22	0	0.11	0	0.22	0	0.22	0
585	6	Mat	10	5	3.8	0	0.1	0	0.2	0	0.2	0
586	6	Nadiya	1	1	12.0	12	0.0	0	1.0	1	0.0	0
587	6	Nadiya	2	1	10.5	9	0.0	0	0.5	0	0.0	0
588	6	Nadiya	3	1	10.0	9	0.0	0	0.33	0	0.0	0
589	6	Nadiya	4	1	9.5	8	0.0	0	0.5	1	0.0	0
590	6	Nadiya	5	1	7.8	1	0.2	1	0.6	1	0.0	0
591	6	Nadiya	6	1	7.17	4	0.17	0	0.5	0	0.17	1
592	6	Nadiya	7	1	6.29	1	0.14	0	0.57	1	0.14	0
593	6	Nadiya	8	1	5.63	1	0.25	1	0.63	1	0.13	0
594	6	Nadiya	9	1	5.44	4	0.33	1	0.67	1	0.11	0
595	6	Nadiya	10	1	4.9	0	0.3	0	0.6	0	0.1	0
596	6	Paul	1	4	10.0	10	0.0	0	0.0	0	0.0	0
597	6	Paul	2	4	10.0	10	0.0	0	0.0	0	0.5	1
598	6	Paul	3	4	10.0	10	0.0	0	0.33	1	0.33	0
599	6	Paul	4	4	7.75	1	0.0	0	0.25	0	0.5	1
600	6	Paul	5	4	6.6	2	0.0	0	0.4	1	0.4	0
601	6	Paul	6	4	6.33	5	0.0	0	0.33	0	0.33	0
602	6	Paul	7	4	5.71	2	0.0	0	0.29	0	0.43	1
603	6	Paul	8	4	5.63	5	0.0	0	0.25	0	0.5	1
604	6	Paul	9	4	5.0	0	0.0	0	0.22	0	0.44	0
605	6	Paul	10	4	4.5	0	0.0	0	0.2	0	0.4	0
606	6	Sandy	1	8	9.0	9	0.0	0	0.0	0	0.0	0
607	6	Sandy	2	8	6.5	4	0.0	0	0.5	1	0.0	0
608	6	Sandy	3	8	6.67	7	0.0	0	0.33	0	0.0	0
609	6	Sandy	4	8	6.5	6	0.0	0	0.25	0	0.25	1
610	6	Sandy	5	8	5.2	0	0.0	0	0.2	0	0.2	0
611	6	Sandy	6	8	4.33	0	0.0	0	0.17	0	0.17	0
612	6	Sandy	7	8	3.71	0	0.0	0	0.14	0	0.14	0
613	6	Sandy	8	8	3.25	0	0.0	0	0.13	0	0.13	0
614	6	Sandy	9	8	2.89	0	0.0	0	0.11	0	0.11	0
615	6	Sandy	10	8	2.6	0	0.0	0	0.1	0	0.1	0
616	6	Stu	1	11	11.0	11	0.0	0	0.0	0	1.0	1
617	6	Stu	2	11	5.5	0	0.0	0	0.0	0	0.5	0
618	6	Stu	3	11	3.67	0	0.0	0	0.0	0	0.33	0
619	6	Stu	4	11	2.75	0	0.0	0	0.0	0	0.25	0
620	6	Stu	5	11	2.2	0	0.0	0	0.0	0	0.2	0
621	6	Stu	6	11	1.83	0	0.0	0	0.0	0	0.17	0
622	6	Stu	7	11	1.57	0	0.0	0	0.0	0	0.14	0
623	6	Stu	8	11	1.38	0	0.0	0	0.0	0	0.13	0
624	6	Stu	9	11	1.22	0	0.0	0	0.0	0	0.11	0
625	6	Stu	10	11	1.1	0	0.0	0	0.0	0	0.1	0
626	6	Tamal	1	2	4.0	4	0.0	0	1.0	1	0.0	0
627	6	Tamal	2	2	6.0	8	0.0	0	0.5	0	0.0	0
628	6	Tamal	3	2	5.0	3	0.0	0	0.33	0	0.0	0
629	6	Tamal	4	2	5.0	5	0.0	0	0.5	1	0.0	0
630	6	Tamal	5	2	5.4	7	0.0	0	0.4	0	0.0	0
631	6	Tamal	6	2	5.67	7	0.0	0	0.33	0	0.0	0
632	6	Tamal	7	2	5.29	3	0.14	1	0.43	1	0.0	0
633	6	Tamal	8	2	5.13	4	0.13	0	0.5	1	0.0	0
634	6	Tamal	9	2	4.78	2	0.11	0	0.56	1	0.0	0
635	6	Tamal	10	2	4.6	3	0.1	0	0.5	0	0.0	0
636	7	Andrew	1	2	12.0	12	0.0	0	0.0	0	0.0	0
637	7	Andrew	2	2	8.0	4	0.0	0	0.5	1	0.0	0
638	7	Andrew	3	2	6.0	2	0.0	0	0.67	1	0.0	0
639	7	Andrew	4	2	5.5	4	0.0	0	0.75	1	0.0	0
640	7	Andrew	5	2	5.6	6	0.0	0	0.6	0	0.0	0
641	7	Andrew	6	2	5.67	6	0.0	0	0.5	0	0.17	1
642	7	Andrew	7	2	5.0	1	0.14	1	0.57	1	0.14	0
643	7	Andrew	8	2	4.63	2	0.13	0	0.5	0	0.13	0
644	7	Andrew	9	2	4.33	2	0.22	1	0.56	1	0.11	0
645	7	Andrew	10	2	4.0	1	0.2	0	0.5	0	0.1	0
646	7	Benjamina	1	4	6.0	6	0.0	0	1.0	1	0.0	0
647	7	Benjamina	2	4	4.5	3	0.0	0	0.5	0	0.0	0
648	7	Benjamina	3	4	5.0	6	0.0	0	0.33	0	0.0	0
649	7	Benjamina	4	4	4.0	1	0.25	1	0.5	1	0.0	0
650	7	Benjamina	5	4	4.2	5	0.2	0	0.4	0	0.0	0
651	7	Benjamina	6	4	3.83	2	0.17	0	0.33	0	0.0	0
652	7	Benjamina	7	4	3.71	3	0.14	0	0.43	1	0.0	0
653	7	Benjamina	8	4	3.75	4	0.13	0	0.38	0	0.13	1
654	7	Benjamina	9	4	3.33	0	0.11	0	0.33	0	0.11	0
655	7	Benjamina	10	4	3.0	0	0.1	0	0.3	0	0.1	0
656	7	Candice	1	1	5.0	5	0.0	0	0.0	0	1.0	1
657	7	Candice	2	1	6.5	8	0.5	1	0.5	1	0.5	0
658	7	Candice	3	1	5.33	3	0.33	0	0.33	0	0.67	1
659	7	Candice	4	1	4.5	2	0.25	0	0.25	0	0.5	0
660	7	Candice	5	1	4.0	2	0.4	1	0.4	1	0.4	0
661	7	Candice	6	1	4.17	5	0.33	0	0.5	1	0.33	0
662	7	Candice	7	1	3.86	2	0.29	0	0.43	0	0.29	0
663	7	Candice	8	1	3.5	1	0.38	1	0.5	1	0.25	0
664	7	Candice	9	1	3.44	3	0.33	0	0.56	1	0.22	0
665	7	Candice	10	1	3.3	2	0.3	0	0.5	0	0.2	0
666	7	Jane	1	2	7.0	7	1.0	1	1.0	1	0.0	0
667	7	Jane	2	2	4.5	2	0.5	0	0.5	0	0.0	0
668	7	Jane	3	2	6.0	9	0.33	0	0.33	0	0.0	0
669	7	Jane	4	2	5.25	3	0.25	0	0.25	0	0.0	0
670	7	Jane	5	2	4.4	1	0.2	0	0.4	1	0.0	0
671	7	Jane	6	2	4.33	4	0.17	0	0.33	0	0.0	0
672	7	Jane	7	2	3.71	0	0.14	0	0.29	0	0.0	0
673	7	Jane	8	2	3.88	5	0.13	0	0.38	1	0.0	0
674	7	Jane	9	2	3.56	1	0.11	0	0.33	0	0.11	1
675	7	Jane	10	2	3.5	3	0.1	0	0.3	0	0.1	0
676	7	Kate	1	8	4.0	4	0.0	0	0.0	0	0.0	0
677	7	Kate	2	8	2.5	1	0.0	0	0.0	0	0.0	0
678	7	Kate	3	8	4.33	8	0.0	0	0.33	1	0.0	0
679	7	Kate	4	8	5.0	7	0.0	0	0.25	0	0.25	1
680	7	Kate	5	8	4.0	0	0.0	0	0.2	0	0.2	0
681	7	Kate	6	8	3.33	0	0.0	0	0.17	0	0.17	0
682	7	Kate	7	8	2.86	0	0.0	0	0.14	0	0.14	0
683	7	Kate	8	8	2.5	0	0.0	0	0.13	0	0.13	0
684	7	Kate	9	8	2.22	0	0.0	0	0.11	0	0.11	0
685	7	Kate	10	8	2.0	0	0.0	0	0.1	0	0.1	0
686	7	Lee	1	11	11.0	11	0.0	0	0.0	0	1.0	1
687	7	Lee	2	11	5.5	0	0.0	0	0.0	0	0.5	0
688	7	Lee	3	11	3.67	0	0.0	0	0.0	0	0.33	0
689	7	Lee	4	11	2.75	0	0.0	0	0.0	0	0.25	0
690	7	Lee	5	11	2.2	0	0.0	0	0.0	0	0.2	0
691	7	Lee	6	11	1.83	0	0.0	0	0.0	0	0.17	0
692	7	Lee	7	11	1.57	0	0.0	0	0.0	0	0.14	0
693	7	Lee	8	11	1.38	0	0.0	0	0.0	0	0.13	0
694	7	Lee	9	11	1.22	0	0.0	0	0.0	0	0.11	0
695	7	Lee	10	11	1.1	0	0.0	0	0.0	0	0.1	0
696	7	Louise	1	10	9.0	9	0.0	0	0.0	0	0.0	0
697	7	Louise	2	10	9.5	10	0.0	0	0.0	0	0.5	1
698	7	Louise	3	10	6.33	0	0.0	0	0.0	0	0.33	0
699	7	Louise	4	10	4.75	0	0.0	0	0.0	0	0.25	0
700	7	Louise	5	10	3.8	0	0.0	0	0.0	0	0.2	0
701	7	Louise	6	10	3.17	0	0.0	0	0.0	0	0.17	0
702	7	Louise	7	10	2.71	0	0.0	0	0.0	0	0.14	0
703	7	Louise	8	10	2.38	0	0.0	0	0.0	0	0.13	0
704	7	Louise	9	10	2.11	0	0.0	0	0.0	0	0.11	0
705	7	Louise	10	10	1.9	0	0.0	0	0.0	0	0.1	0
706	7	Michael	1	9	3.0	3	0.0	0	0.0	0	0.0	0
707	7	Michael	2	9	6.0	9	0.0	0	0.0	0	0.0	0
708	7	Michael	3	9	6.33	7	0.0	0	0.0	0	0.33	1
709	7	Michael	4	9	4.75	0	0.0	0	0.0	0	0.25	0
710	7	Michael	5	9	3.8	0	0.0	0	0.0	0	0.2	0
711	7	Michael	6	9	3.17	0	0.0	0	0.0	0	0.17	0
712	7	Michael	7	9	2.71	0	0.0	0	0.0	0	0.14	0
713	7	Michael	8	9	2.38	0	0.0	0	0.0	0	0.13	0
714	7	Michael	9	9	2.11	0	0.0	0	0.0	0	0.11	0
715	7	Michael	10	9	1.9	0	0.0	0	0.0	0	0.1	0
716	7	Rav	1	6	8.0	8	0.0	0	0.0	0	0.0	0
717	7	Rav	2	6	7.0	6	0.0	0	0.0	0	0.0	0
718	7	Rav	3	6	8.0	10	0.0	0	0.0	0	0.0	0
719	7	Rav	4	6	8.25	9	0.0	0	0.0	0	0.25	1
720	7	Rav	5	6	8.2	8	0.0	0	0.0	0	0.2	0
721	7	Rav	6	6	7.33	3	0.0	0	0.0	0	0.33	1
722	7	Rav	7	6	6.29	0	0.0	0	0.0	0	0.29	0
723	7	Rav	8	6	5.5	0	0.0	0	0.0	0	0.25	0
724	7	Rav	9	6	4.89	0	0.0	0	0.0	0	0.22	0
725	7	Rav	10	6	4.4	0	0.0	0	0.0	0	0.2	0
726	7	Selasi	1	3	1.0	1	0.0	0	1.0	1	0.0	0
727	7	Selasi	2	3	6.0	11	0.0	0	0.5	0	0.0	0
728	7	Selasi	3	3	5.67	5	0.0	0	0.33	0	0.0	0
729	7	Selasi	4	3	6.25	8	0.0	0	0.25	0	0.0	0
730	7	Selasi	5	3	5.6	3	0.0	0	0.2	0	0.0	0
731	7	Selasi	6	3	5.83	7	0.0	0	0.33	1	0.0	0
732	7	Selasi	7	3	5.86	6	0.0	0	0.29	0	0.14	1
733	7	Selasi	8	3	5.5	3	0.0	0	0.25	0	0.25	1
734	7	Selasi	9	3	5.33	4	0.0	0	0.22	0	0.33	1
735	7	Selasi	10	3	4.8	0	0.0	0	0.2	0	0.3	0
736	7	Tom	1	5	2.0	2	0.0	0	0.0	0	0.0	0
737	7	Tom	2	5	4.5	7	0.0	0	0.0	0	0.0	0
738	7	Tom	3	5	4.33	4	0.33	1	0.33	1	0.0	0
739	7	Tom	4	5	4.5	5	0.25	0	0.25	0	0.25	1
740	7	Tom	5	5	4.4	4	0.2	0	0.2	0	0.4	1
741	7	Tom	6	5	3.83	1	0.33	1	0.33	1	0.33	0
742	7	Tom	7	5	4.0	5	0.29	0	0.29	0	0.43	1
743	7	Tom	8	5	3.5	0	0.25	0	0.25	0	0.38	0
744	7	Tom	9	5	3.11	0	0.22	0	0.22	0	0.33	0
745	7	Tom	10	5	2.8	0	0.2	0	0.2	0	0.3	0
746	7	Val	1	7	10.0	10	0.0	0	0.0	0	1.0	1
747	7	Val	2	7	7.5	5	0.0	0	0.0	0	1.0	1
748	7	Val	3	7	5.33	1	0.0	0	0.0	0	1.0	1
749	7	Val	4	7	5.5	6	0.0	0	0.0	0	0.75	0
750	7	Val	5	7	5.8	7	0.0	0	0.0	0	0.8	1
751	7	Val	6	7	4.83	0	0.0	0	0.0	0	0.67	0
752	7	Val	7	7	4.14	0	0.0	0	0.0	0	0.57	0
753	7	Val	8	7	3.63	0	0.0	0	0.0	0	0.5	0
754	7	Val	9	7	3.22	0	0.0	0	0.0	0	0.44	0
755	7	Val	10	7	2.9	0	0.0	0	0.0	0	0.4	0
756	8	Chris	1	10	12.0	12	0.0	0	0.0	0	1.0	1
757	8	Chris	2	10	11.5	11	0.0	0	0.0	0	1.0	1
758	8	Chris	3	10	7.67	0	0.0	0	0.0	0	0.67	0
759	8	Chris	4	10	5.75	0	0.0	0	0.0	0	0.5	0
760	8	Chris	5	10	4.6	0	0.0	0	0.0	0	0.4	0
761	8	Chris	6	10	3.83	0	0.0	0	0.0	0	0.33	0
762	8	Chris	7	10	3.29	0	0.0	0	0.0	0	0.29	0
763	8	Chris	8	10	2.88	0	0.0	0	0.0	0	0.25	0
764	8	Chris	9	10	2.56	0	0.0	0	0.0	0	0.22	0
765	8	Chris	10	10	2.3	0	0.0	0	0.0	0	0.2	0
766	8	Flo	1	9	9.0	9	0.0	0	1.0	1	0.0	0
767	8	Flo	2	9	9.5	10	0.0	0	0.5	0	0.5	1
768	8	Flo	3	9	8.67	7	0.0	0	0.33	0	0.67	1
769	8	Flo	4	9	6.5	0	0.0	0	0.25	0	0.5	0
770	8	Flo	5	9	5.2	0	0.0	0	0.2	0	0.4	0
771	8	Flo	6	9	4.33	0	0.0	0	0.17	0	0.33	0
772	8	Flo	7	9	3.71	0	0.0	0	0.14	0	0.29	0
773	8	Flo	8	9	3.25	0	0.0	0	0.13	0	0.25	0
774	8	Flo	9	9	2.89	0	0.0	0	0.11	0	0.22	0
775	8	Flo	10	9	2.6	0	0.0	0	0.1	0	0.2	0
776	8	James	1	7	2.0	2	0.0	0	0.0	0	0.0	0
777	8	James	2	7	2.5	3	0.0	0	0.0	0	0.0	0
778	8	James	3	7	4.67	9	0.0	0	0.0	0	0.0	0
779	8	James	4	7	4.0	2	0.0	0	0.0	0	0.25	1
780	8	James	5	7	4.6	7	0.0	0	0.0	0	0.4	1
781	8	James	6	7	3.83	0	0.0	0	0.0	0	0.33	0
782	8	James	7	7	3.29	0	0.0	0	0.0	0	0.29	0
783	8	James	8	7	2.88	0	0.0	0	0.0	0	0.25	0
784	8	James	9	7	2.56	0	0.0	0	0.0	0	0.22	0
785	8	James	10	7	2.3	0	0.0	0	0.0	0	0.2	0
786	8	Julia	1	6	3.0	3	0.0	0	0.0	0	0.0	0
787	8	Julia	2	6	3.5	4	0.0	0	0.0	0	0.0	0
788	8	Julia	3	6	3.0	2	0.33	1	0.33	1	0.0	0
789	8	Julia	4	6	4.5	9	0.25	0	0.25	0	0.0	0
790	8	Julia	5	6	4.2	3	0.2	0	0.2	0	0.2	1
791	8	Julia	6	6	4.67	7	0.17	0	0.17	0	0.33	1
792	8	Julia	7	6	4.0	0	0.14	0	0.14	0	0.29	0
793	8	Julia	8	6	3.5	0	0.13	0	0.13	0	0.25	0
794	8	Julia	9	6	3.11	0	0.11	0	0.11	0	0.22	0
795	8	Julia	10	6	2.8	0	0.1	0	0.1	0	0.2	0
796	8	Kate	1	2	1.0	1	0.0	0	0.0	0	0.0	0
797	8	Kate	2	2	4.5	8	0.0	0	0.0	0	0.5	1
798	8	Kate	3	2	6.33	10	0.0	0	0.0	0	0.33	0
799	8	Kate	4	2	6.25	6	0.25	1	0.25	1	0.25	0
800	8	Kate	5	2	6.6	8	0.2	0	0.2	0	0.2	0
801	8	Kate	6	2	6.33	5	0.17	0	0.17	0	0.17	0
802	8	Kate	7	2	6.29	6	0.14	0	0.14	0	0.29	1
803	8	Kate	8	2	5.75	2	0.13	0	0.13	0	0.38	1
804	8	Kate	9	2	5.56	4	0.11	0	0.22	1	0.33	0
805	8	Kate	10	2	5.3	3	0.1	0	0.2	0	0.3	0
806	8	Liam	1	4	8.0	8	0.0	0	0.0	0	0.0	0
807	8	Liam	2	4	7.5	7	0.0	0	0.0	0	0.0	0
808	8	Liam	3	4	6.67	5	0.0	0	0.0	0	0.33	1
809	8	Liam	4	4	5.75	3	0.0	0	0.25	1	0.25	0
810	8	Liam	5	4	5.0	2	0.0	0	0.2	0	0.4	1
811	8	Liam	6	4	4.83	4	0.17	1	0.33	1	0.33	0
812	8	Liam	7	4	4.43	2	0.14	0	0.43	1	0.29	0
813	8	Liam	8	4	4.5	5	0.13	0	0.38	0	0.38	1
814	8	Liam	9	4	4.0	0	0.11	0	0.33	0	0.33	0
815	8	Liam	10	4	3.6	0	0.1	0	0.3	0	0.3	0
816	8	Peter	1	11	10.0	10	0.0	0	0.0	0	1.0	1
817	8	Peter	2	11	5.0	0	0.0	0	0.0	0	0.5	0
818	8	Peter	3	11	3.33	0	0.0	0	0.0	0	0.33	0
819	8	Peter	4	11	2.5	0	0.0	0	0.0	0	0.25	0
820	8	Peter	5	11	2.0	0	0.0	0	0.0	0	0.2	0
821	8	Peter	6	11	1.67	0	0.0	0	0.0	0	0.17	0
822	8	Peter	7	11	1.43	0	0.0	0	0.0	0	0.14	0
823	8	Peter	8	11	1.25	0	0.0	0	0.0	0	0.13	0
824	8	Peter	9	11	1.11	0	0.0	0	0.0	0	0.11	0
825	8	Peter	10	11	1.0	0	0.0	0	0.0	0	0.1	0
826	8	Sophie	1	1	5.0	5	0.0	0	1.0	1	0.0	0
827	8	Sophie	2	1	3.5	2	0.0	0	1.0	1	0.0	0
828	8	Sophie	3	1	4.33	6	0.0	0	0.67	0	0.0	0
829	8	Sophie	4	1	4.25	4	0.0	0	0.5	0	0.0	0
830	8	Sophie	5	1	3.6	1	0.2	1	0.6	1	0.0	0
831	8	Sophie	6	1	3.33	2	0.17	0	0.67	1	0.0	0
832	8	Sophie	7	1	3.29	3	0.14	0	0.71	1	0.0	0
833	8	Sophie	8	1	3.38	4	0.13	0	0.63	0	0.0	0
834	8	Sophie	9	1	3.11	1	0.22	1	0.67	1	0.0	0
835	8	Sophie	10	1	3.0	2	0.2	0	0.6	0	0.0	0
836	8	Stacey	1	3	11.0	11	0.0	0	0.0	0	1.0	1
837	8	Stacey	2	3	10.0	9	0.0	0	0.0	0	1.0	1
838	8	Stacey	3	3	7.0	1	0.0	0	0.0	0	0.67	0
839	8	Stacey	4	3	5.5	1	0.0	0	0.0	0	0.5	0
840	8	Stacey	5	3	5.2	4	0.0	0	0.2	1	0.4	0
841	8	Stacey	6	3	5.33	6	0.0	0	0.17	0	0.5	1
842	8	Stacey	7	3	5.14	4	0.0	0	0.14	0	0.57	1
843	8	Stacey	8	3	4.88	3	0.13	1	0.25	1	0.5	0
844	8	Stacey	9	3	4.56	2	0.11	0	0.22	0	0.56	1
845	8	Stacey	10	3	4.1	0	0.1	0	0.2	0	0.5	0
846	8	Steven	1	2	6.0	6	1.0	1	1.0	1	0.0	0
847	8	Steven	2	2	6.0	6	1.0	1	1.0	1	0.0	0
848	8	Steven	3	2	5.0	3	0.67	0	1.0	1	0.0	0
849	8	Steven	4	2	5.5	7	0.5	0	0.75	0	0.0	0
850	8	Steven	5	2	5.4	5	0.4	0	0.6	0	0.0	0
851	8	Steven	6	2	5.0	3	0.33	0	0.5	0	0.0	0
852	8	Steven	7	2	4.43	1	0.43	1	0.57	1	0.0	0
853	8	Steven	8	2	4.0	1	0.38	0	0.63	1	0.0	0
854	8	Steven	9	2	3.89	3	0.33	0	0.56	0	0.11	1
855	8	Steven	10	2	3.6	1	0.3	0	0.5	0	0.1	0
856	8	Tom	1	8	7.0	7	0.0	0	0.0	0	0.0	0
857	8	Tom	2	8	6.0	5	0.0	0	0.5	1	0.0	0
858	8	Tom	3	8	5.33	4	0.0	0	0.33	0	0.0	0
859	8	Tom	4	8	5.25	5	0.0	0	0.25	0	0.25	1
860	8	Tom	5	8	4.2	0	0.0	0	0.2	0	0.2	0
861	8	Tom	6	8	3.5	0	0.0	0	0.17	0	0.17	0
862	8	Tom	7	8	3.0	0	0.0	0	0.14	0	0.14	0
863	8	Tom	8	8	2.63	0	0.0	0	0.13	0	0.13	0
864	8	Tom	9	8	2.33	0	0.0	0	0.11	0	0.11	0
865	8	Tom	10	8	2.1	0	0.0	0	0.1	0	0.1	0
866	8	Yan	1	5	4.0	4	0.0	0	0.0	0	0.0	0
867	8	Yan	2	5	2.5	1	0.0	0	0.0	0	0.0	0
868	8	Yan	3	5	4.33	8	0.0	0	0.0	0	0.0	0
869	8	Yan	4	5	5.25	8	0.0	0	0.0	0	0.0	0
870	8	Yan	5	5	5.4	6	0.0	0	0.0	0	0.0	0
871	8	Yan	6	5	4.67	1	0.0	0	0.17	1	0.0	0
872	8	Yan	7	5	4.71	5	0.0	0	0.14	0	0.14	1
873	8	Yan	8	5	4.13	0	0.0	0	0.13	0	0.13	0
874	8	Yan	9	5	3.67	0	0.0	0	0.11	0	0.11	0
875	8	Yan	10	5	3.3	0	0.0	0	0.1	0	0.1	0
876	9	Antony	1	9	12.0	12	0.0	0	0.0	0	0.0	0
877	9	Antony	2	9	10.5	9	0.0	0	0.0	0	0.0	0
878	9	Antony	3	9	9.67	8	0.0	0	0.0	0	0.33	1
879	9	Antony	4	9	7.25	0	0.0	0	0.0	0	0.25	0
880	9	Antony	5	9	5.8	0	0.0	0	0.0	0	0.2	0
881	9	Antony	6	9	4.83	0	0.0	0	0.0	0	0.17	0
882	9	Antony	7	9	4.14	0	0.0	0	0.0	0	0.14	0
883	9	Antony	8	9	3.63	0	0.0	0	0.0	0	0.13	0
884	9	Antony	9	9	3.22	0	0.0	0	0.0	0	0.11	0
885	9	Antony	10	9	2.9	0	0.0	0	0.0	0	0.1	0
886	9	Briony	1	3	2.0	2	0.0	0	1.0	1	0.0	0
887	9	Briony	2	3	3.5	5	0.0	0	0.5	0	0.5	1
888	9	Briony	3	3	5.33	9	0.0	0	0.33	0	0.67	1
889	9	Briony	4	3	5.25	5	0.0	0	0.25	0	0.75	1
890	9	Briony	5	3	5.4	6	0.0	0	0.2	0	0.8	1
891	9	Briony	6	3	4.67	1	0.17	1	0.33	1	0.67	0
892	9	Briony	7	3	4.71	5	0.14	0	0.29	0	0.57	0
893	9	Briony	8	3	4.25	1	0.13	0	0.38	1	0.5	0
894	9	Briony	9	3	4.11	3	0.11	0	0.33	0	0.56	1
895	9	Briony	10	3	3.7	0	0.1	0	0.3	0	0.5	0
896	9	Dan	1	6	4.0	4	0.0	0	0.0	0	0.0	0
897	9	Dan	2	6	3.5	3	0.0	0	0.5	1	0.0	0
898	9	Dan	3	6	4.33	6	0.0	0	0.67	1	0.0	0
899	9	Dan	4	6	3.5	1	0.25	1	0.75	1	0.0	0
900	9	Dan	5	6	3.2	2	0.2	0	0.6	0	0.0	0
901	9	Dan	6	6	3.67	6	0.17	0	0.5	0	0.17	1
902	9	Dan	7	6	3.14	0	0.14	0	0.43	0	0.14	0
903	9	Dan	8	6	2.75	0	0.13	0	0.38	0	0.13	0
904	9	Dan	9	6	2.44	0	0.11	0	0.33	0	0.11	0
905	9	Dan	10	6	2.2	0	0.1	0	0.3	0	0.1	0
906	9	Imelda	1	11	11.0	11	0.0	0	0.0	0	1.0	1
907	9	Imelda	2	11	5.5	0	0.0	0	0.0	0	0.5	0
908	9	Imelda	3	11	3.67	0	0.0	0	0.0	0	0.33	0
909	9	Imelda	4	11	2.75	0	0.0	0	0.0	0	0.25	0
910	9	Imelda	5	11	2.2	0	0.0	0	0.0	0	0.2	0
911	9	Imelda	6	11	1.83	0	0.0	0	0.0	0	0.17	0
912	9	Imelda	7	11	1.57	0	0.0	0	0.0	0	0.14	0
913	9	Imelda	8	11	1.38	0	0.0	0	0.0	0	0.13	0
914	9	Imelda	9	11	1.22	0	0.0	0	0.0	0	0.11	0
915	9	Imelda	10	11	1.1	0	0.0	0	0.0	0	0.1	0
916	9	Jon	1	5	5.0	5	0.0	0	0.0	0	0.0	0
917	9	Jon	2	5	3.0	1	0.0	0	0.5	1	0.0	0
918	9	Jon	3	5	2.67	2	0.0	0	0.33	0	0.0	0
919	9	Jon	4	5	2.75	3	0.0	0	0.5	1	0.0	0
920	9	Jon	5	5	3.6	7	0.0	0	0.4	0	0.2	1
921	9	Jon	6	5	3.33	2	0.0	0	0.33	0	0.17	0
922	9	Jon	7	5	3.43	4	0.0	0	0.29	0	0.29	1
923	9	Jon	8	5	3.0	0	0.0	0	0.25	0	0.25	0
924	9	Jon	9	5	2.67	0	0.0	0	0.22	0	0.22	0
925	9	Jon	10	5	2.4	0	0.0	0	0.2	0	0.2	0
926	9	Karen	1	7	6.0	6	0.0	0	0.0	0	0.0	0
927	9	Karen	2	7	8.5	11	0.0	0	0.0	0	0.0	0
928	9	Karen	3	7	7.33	5	0.0	0	0.0	0	0.0	0
929	9	Karen	4	7	7.25	7	0.0	0	0.0	0	0.25	1
930	9	Karen	5	7	7.6	9	0.0	0	0.0	0	0.4	1
931	9	Karen	6	7	6.33	0	0.0	0	0.0	0	0.33	0
932	9	Karen	7	7	5.43	0	0.0	0	0.0	0	0.29	0
933	9	Karen	8	7	4.75	0	0.0	0	0.0	0	0.25	0
934	9	Karen	9	7	4.22	0	0.0	0	0.0	0	0.22	0
935	9	Karen	10	7	3.8	0	0.0	0	0.0	0	0.2	0
936	9	Kim-Joy	1	2	10.0	10	0.0	0	0.0	0	0.0	0
937	9	Kim-Joy	2	2	7.0	4	0.0	0	0.0	0	0.0	0
938	9	Kim-Joy	3	2	8.0	10	0.0	0	0.0	0	0.0	0
939	9	Kim-Joy	4	2	7.5	6	0.0	0	0.0	0	0.0	0
940	9	Kim-Joy	5	2	6.8	4	0.2	1	0.2	1	0.0	0
941	9	Kim-Joy	6	2	6.5	5	0.17	0	0.17	0	0.0	0
942	9	Kim-Joy	7	2	6.43	6	0.29	1	0.29	1	0.0	0
943	9	Kim-Joy	8	2	5.88	2	0.25	0	0.25	0	0.13	1
944	9	Kim-Joy	9	2	5.44	2	0.22	0	0.33	1	0.11	0
945	9	Kim-Joy	10	2	5.0	1	0.2	0	0.3	0	0.1	0
946	9	Luke	1	10	8.0	8	0.0	0	0.0	0	0.0	0
947	9	Luke	2	10	7.5	7	0.0	0	0.0	0	0.5	1
948	9	Luke	3	10	5.0	0	0.0	0	0.0	0	0.33	0
949	9	Luke	4	10	3.75	0	0.0	0	0.0	0	0.25	0
950	9	Luke	5	10	3.0	0	0.0	0	0.0	0	0.2	0
951	9	Luke	6	10	2.5	0	0.0	0	0.0	0	0.17	0
952	9	Luke	7	10	2.14	0	0.0	0	0.0	0	0.14	0
953	9	Luke	8	10	1.88	0	0.0	0	0.0	0	0.13	0
954	9	Luke	9	10	1.67	0	0.0	0	0.0	0	0.11	0
955	9	Luke	10	10	1.5	0	0.0	0	0.0	0	0.1	0
956	9	Manon	1	4	3.0	3	1.0	1	1.0	1	0.0	0
957	9	Manon	2	4	4.5	6	0.5	0	0.5	0	0.0	0
958	9	Manon	3	4	4.0	3	0.33	0	0.33	0	0.0	0
959	9	Manon	4	4	5.0	8	0.25	0	0.25	0	0.0	0
960	9	Manon	5	4	5.0	5	0.2	0	0.2	0	0.0	0
961	9	Manon	6	4	4.83	4	0.17	0	0.17	0	0.17	1
962	9	Manon	7	4	4.43	2	0.14	0	0.14	0	0.14	0
963	9	Manon	8	4	4.38	4	0.13	0	0.13	0	0.25	1
964	9	Manon	9	4	3.89	0	0.11	0	0.11	0	0.22	0
965	9	Manon	10	4	3.5	0	0.1	0	0.1	0	0.2	0
966	9	Rahul	1	1	7.0	7	0.0	0	0.0	0	0.0	0
967	9	Rahul	2	1	4.5	2	0.5	1	0.5	1	0.0	0
968	9	Rahul	3	1	4.33	4	0.67	1	0.67	1	0.0	0
969	9	Rahul	4	1	4.25	4	0.5	0	0.75	1	0.0	0
970	9	Rahul	5	1	4.0	3	0.4	0	0.8	1	0.0	0
971	9	Rahul	6	1	3.83	3	0.33	0	0.83	1	0.0	0
972	9	Rahul	7	1	3.43	1	0.29	0	0.86	1	0.0	0
973	9	Rahul	8	1	3.63	5	0.25	0	0.75	0	0.13	1
974	9	Rahul	9	1	3.67	4	0.22	0	0.67	0	0.22	1
975	9	Rahul	10	1	3.5	2	0.2	0	0.6	0	0.2	0
976	9	Ruby	1	2	1.0	1	0.0	0	0.0	0	1.0	1
977	9	Ruby	2	2	5.5	10	0.0	0	0.0	0	0.5	0
978	9	Ruby	3	2	6.0	7	0.0	0	0.0	0	0.33	0
979	9	Ruby	4	2	5.0	2	0.0	0	0.0	0	0.25	0
980	9	Ruby	5	2	4.2	1	0.0	0	0.0	0	0.2	0
981	9	Ruby	6	2	4.67	7	0.0	0	0.17	1	0.17	0
982	9	Ruby	7	2	4.43	3	0.0	0	0.14	0	0.29	1
983	9	Ruby	8	2	4.25	3	0.13	1	0.25	1	0.25	0
984	9	Ruby	9	2	3.89	1	0.22	1	0.33	1	0.22	0
985	9	Ruby	10	2	3.8	3	0.2	0	0.3	0	0.2	0
986	9	Terry	1	8	9.0	9	0.0	0	0.0	0	1.0	1
987	9	Terry	2	8	8.5	8	0.0	0	0.0	0	1.0	1
988	9	Terry	3	8	6.0	1	0.0	0	0.0	0	0.67	0
989	9	Terry	4	8	4.5	0	0.0	0	0.0	0	0.5	0
990	9	Terry	5	8	5.2	8	0.0	0	0.0	0	0.6	1
991	9	Terry	6	8	4.33	0	0.0	0	0.0	0	0.5	0
992	9	Terry	7	8	3.71	0	0.0	0	0.0	0	0.43	0
993	9	Terry	8	8	3.25	0	0.0	0	0.0	0	0.38	0
994	9	Terry	9	8	2.89	0	0.0	0	0.0	0	0.33	0
995	9	Terry	10	8	2.6	0	0.0	0	0.0	0	0.3	0
0	10	Alice	1	0	5.0	5	0.0	0	0.0	0	0.0	0
1	10	Alice	2	0	3.0	1	0.5	1	0.5	1	0.0	0
2	10	Alice	3	0	4.33	7	0.33	0	0.33	0	0.33	1
3	10	Alice	4	0	5.25	8	0.25	0	0.25	0	0.25	0
4	10	Alice	5	0	5.4	6	0.2	0	0.2	0	0.2	0
5	10	Alice	6	0	4.67	1	0.17	0	0.33	1	0.17	0
6	10	Alice	7	0	4.86	6	0.14	0	0.29	0	0.14	0
7	10	Alice	8	0	4.63	3	0.13	0	0.25	0	0.13	0
8	10	Alice	9	0	4.56	4	0.22	1	0.33	1	0.11	0
9	10	Alice	10	0	4.3	2	0.2	0	0.3	0	0.1	0
10	10	Amelia	1	10	4.0	4	0.0	0	0.0	0	0.0	0
11	10	Amelia	2	10	6.5	9	0.0	0	0.0	0	0.5	1
12	10	Amelia	3	10	8.0	11	0.0	0	0.0	0	0.67	1
13	10	Amelia	4	10	6.0	0	0.0	0	0.0	0	0.5	0
14	10	Amelia	5	10	4.8	0	0.0	0	0.0	0	0.4	0
15	10	Amelia	6	10	4.0	0	0.0	0	0.0	0	0.33	0
16	10	Amelia	7	10	3.43	0	0.0	0	0.0	0	0.29	0
17	10	Amelia	8	10	3.0	0	0.0	0	0.0	0	0.25	0
18	10	Amelia	9	10	2.67	0	0.0	0	0.0	0	0.22	0
19	10	Amelia	10	10	2.4	0	0.0	0	0.0	0	0.2	0
20	10	Dan	1	12	9.0	9	0.0	0	0.0	0	1.0	1
21	10	Dan	2	12	4.5	0	0.0	0	0.0	0	0.5	0
22	10	Dan	3	12	3.0	0	0.0	0	0.0	0	0.33	0
23	10	Dan	4	12	2.25	0	0.0	0	0.0	0	0.25	0
24	10	Dan	5	12	1.8	0	0.0	0	0.0	0	0.2	0
25	10	Dan	6	12	1.5	0	0.0	0	0.0	0	0.17	0
26	10	Dan	7	12	1.29	0	0.0	0	0.0	0	0.14	0
27	10	Dan	8	12	1.13	0	0.0	0	0.0	0	0.13	0
28	10	Dan	9	12	1.0	0	0.0	0	0.0	0	0.11	0
29	10	Dan	10	12	0.9	0	0.0	0	0.0	0	0.1	0
30	10	David	1	0	10.0	10	0.0	0	0.0	0	0.0	0
31	10	David	2	0	6.0	2	0.0	0	0.5	1	0.0	0
32	10	David	3	0	4.67	2	0.0	0	0.33	0	0.0	0
33	10	David	4	0	4.0	2	0.0	0	0.5	1	0.0	0
34	10	David	5	0	5.0	9	0.0	0	0.6	1	0.0	0
35	10	David	6	0	4.5	2	0.0	0	0.5	0	0.0	0
36	10	David	7	0	4.14	2	0.0	0	0.57	1	0.0	0
37	10	David	8	0	3.75	1	0.0	0	0.63	1	0.0	0
38	10	David	9	0	3.56	2	0.0	0	0.56	0	0.11	1
39	10	David	10	0	3.3	1	0.0	0	0.5	0	0.1	0
40	10	Helena	1	8	12.0	12	0.0	0	0.0	0	0.0	0
41	10	Helena	2	8	12.0	12	0.0	0	0.0	0	0.0	0
42	10	Helena	3	8	10.67	8	0.0	0	0.0	0	0.0	0
43	10	Helena	4	8	10.25	9	0.0	0	0.0	0	0.0	0
44	10	Helena	5	8	8.4	1	0.0	0	0.0	0	0.2	1
45	10	Helena	6	8	7.0	0	0.0	0	0.0	0	0.17	0
46	10	Helena	7	8	6.0	0	0.0	0	0.0	0	0.14	0
47	10	Helena	8	8	5.25	0	0.0	0	0.0	0	0.13	0
48	10	Helena	9	8	4.67	0	0.0	0	0.0	0	0.11	0
49	10	Helena	10	8	4.2	0	0.0	0	0.0	0	0.1	0
50	10	Henry	1	0	1.0	1	0.0	0	0.0	0	0.0	0
51	10	Henry	2	0	3.5	6	0.0	0	0.0	0	0.0	0
52	10	Henry	3	0	2.67	1	0.0	0	0.0	0	0.33	1
53	10	Henry	4	0	2.75	3	0.0	0	0.0	0	0.25	0
54	10	Henry	5	0	2.8	3	0.0	0	0.2	1	0.2	0
55	10	Henry	6	0	3.0	4	0.0	0	0.17	0	0.33	1
56	10	Henry	7	0	3.0	3	0.14	1	0.29	1	0.29	0
57	10	Henry	8	0	3.25	5	0.13	0	0.25	0	0.38	1
58	10	Henry	9	0	2.89	0	0.11	0	0.22	0	0.33	0
59	10	Henry	10	0	2.6	0	0.1	0	0.2	0	0.3	0
60	10	Jamie	1	11	13.0	13	0.0	0	0.0	0	1.0	1
61	10	Jamie	2	11	12.0	11	0.0	0	0.0	0	1.0	1
62	10	Jamie	3	11	8.0	0	0.0	0	0.0	0	0.67	0
63	10	Jamie	4	11	6.0	0	0.0	0	0.0	0	0.5	0
64	10	Jamie	5	11	4.8	0	0.0	0	0.0	0	0.4	0
65	10	Jamie	6	11	4.0	0	0.0	0	0.0	0	0.33	0
66	10	Jamie	7	11	3.43	0	0.0	0	0.0	0	0.29	0
67	10	Jamie	8	11	3.0	0	0.0	0	0.0	0	0.25	0
68	10	Jamie	9	11	2.67	0	0.0	0	0.0	0	0.22	0
69	10	Jamie	10	11	2.4	0	0.0	0	0.0	0	0.2	0
70	10	Michael	1	0	11.0	11	0.0	0	0.0	0	0.0	0
71	10	Michael	2	0	7.5	4	0.0	0	0.0	0	0.0	0
72	10	Michael	3	0	7.0	6	0.33	1	0.33	1	0.0	0
73	10	Michael	4	0	7.0	7	0.25	0	0.25	0	0.25	1
74	10	Michael	5	0	7.2	8	0.2	0	0.2	0	0.2	0
75	10	Michael	6	0	7.0	6	0.17	0	0.17	0	0.33	1
76	10	Michael	7	0	6.71	5	0.14	0	0.14	0	0.43	1
77	10	Michael	8	0	5.88	0	0.13	0	0.13	0	0.38	0
78	10	Michael	9	0	5.22	0	0.11	0	0.11	0	0.33	0
79	10	Michael	10	0	4.7	0	0.1	0	0.1	0	0.3	0
80	10	Michelle	1	8	6.0	6	1.0	1	1.0	1	0.0	0
81	10	Michelle	2	8	7.0	8	0.5	0	0.5	0	0.0	0
82	10	Michelle	3	8	6.33	5	0.33	0	0.33	0	0.0	0
83	10	Michelle	4	8	6.0	5	0.25	0	0.25	0	0.0	0
84	10	Michelle	5	8	6.2	7	0.2	0	0.2	0	0.2	1
85	10	Michelle	6	8	5.17	0	0.17	0	0.17	0	0.17	0
86	10	Michelle	7	8	4.43	0	0.14	0	0.14	0	0.14	0
87	10	Michelle	8	8	3.88	0	0.13	0	0.13	0	0.13	0
88	10	Michelle	9	8	3.44	0	0.11	0	0.11	0	0.11	0
89	10	Michelle	10	8	3.1	0	0.1	0	0.1	0	0.1	0
90	10	Phil	1	9	8.0	8	0.0	0	0.0	0	0.0	0
91	10	Phil	2	9	5.5	3	0.0	0	0.0	0	0.0	0
92	10	Phil	3	9	7.0	10	0.0	0	0.0	0	0.0	0
93	10	Phil	4	9	6.75	6	0.0	0	0.0	0	0.25	1
94	10	Phil	5	9	5.4	0	0.0	0	0.0	0	0.2	0
95	10	Phil	6	9	4.5	0	0.0	0	0.0	0	0.17	0
96	10	Phil	7	9	3.86	0	0.0	0	0.0	0	0.14	0
97	10	Phil	8	9	3.38	0	0.0	0	0.0	0	0.13	0
98	10	Phil	9	9	3.0	0	0.0	0	0.0	0	0.11	0
99	10	Phil	10	9	2.7	0	0.0	0	0.0	0	0.1	0
100	10	Priya	1	7	7.0	7	0.0	0	0.0	0	0.0	0
101	10	Priya	2	7	7.0	7	0.0	0	0.0	0	0.0	0
102	10	Priya	3	7	6.0	4	0.0	0	0.0	0	0.0	0
103	10	Priya	4	7	7.0	10	0.0	0	0.0	0	0.25	1
104	10	Priya	5	7	6.0	2	0.0	0	0.0	0	0.4	1
105	10	Priya	6	7	6.17	7	0.0	0	0.0	0	0.5	1
106	10	Priya	7	7	5.29	0	0.0	0	0.0	0	0.43	0
107	10	Priya	8	7	4.63	0	0.0	0	0.0	0	0.38	0
108	10	Priya	9	7	4.11	0	0.0	0	0.0	0	0.33	0
109	10	Priya	10	7	3.7	0	0.0	0	0.0	0	0.3	0
110	10	Rosie	1	0	2.0	2	0.0	0	0.0	0	0.0	0
111	10	Rosie	2	0	3.5	5	0.0	0	0.5	1	0.0	0
112	10	Rosie	3	0	5.33	9	0.0	0	0.33	0	0.0	0
113	10	Rosie	4	0	5.0	4	0.0	0	0.25	0	0.0	0
114	10	Rosie	5	0	5.0	5	0.0	0	0.2	0	0.2	1
115	10	Rosie	6	0	5.0	5	0.0	0	0.17	0	0.33	1
116	10	Rosie	7	0	4.43	1	0.0	0	0.14	0	0.43	1
117	10	Rosie	8	0	4.13	2	0.0	0	0.13	0	0.5	1
118	10	Rosie	9	0	3.78	1	0.0	0	0.11	0	0.56	1
119	10	Rosie	10	0	3.4	0	0.0	0	0.1	0	0.5	0
120	10	Steph	1	0	3.0	3	0.0	0	1.0	1	0.0	0
121	10	Steph	2	0	6.5	10	0.0	0	0.5	0	0.0	0
122	10	Steph	3	0	5.33	3	0.0	0	0.67	1	0.0	0
123	10	Steph	4	0	4.25	1	0.25	1	0.75	1	0.0	0
124	10	Steph	5	0	4.2	4	0.4	1	0.8	1	0.0	0
125	10	Steph	6	0	4.0	3	0.5	1	0.83	1	0.0	0
126	10	Steph	7	0	4.0	4	0.43	0	0.86	1	0.0	0
127	10	Steph	8	0	4.0	4	0.5	1	0.88	1	0.0	0
128	10	Steph	9	0	3.89	3	0.44	0	0.89	1	0.0	0
129	10	Steph	10	0	3.8	3	0.4	0	0.8	0	0.0	0
